"Image Link","Hotel Name","Description","Location","Occupancy","Price","Rating"
"https://cf.bstatic.com/xdata/images/hotel/square600/111356614.webp?k=0299ca322d254a5584d9c231a9b86bb672091edf67ce973d2cae8788a5e874f6&o=","Canadas Best Value Inn Chinook Station","Queen Room - Non-Smoking","Calgary","2 nights, 2 adults","CAD 108","4.3"
"https://cf.bstatic.com/xdata/images/hotel/square600/444180172.webp?k=2d8fb8cf44d5ded85e9b372df6ae31fe6f257a44e394e428d8ad9642f7ca689b&o=","The Dorian, Autograph Collection","King Room","Downtown Calgary, Calgary","2 nights, 2 adults","CAD 688","9.3"
"https://cf.bstatic.com/xdata/images/hotel/square600/320766190.webp?k=37855ab26edda90fabbb23b3739db49b5c762346240684d9bdd3ca90bf4f61ba&o=","Royal Hotel Calgary, Trademark Collection by Wyndham","Queen Room - Non-Smoking","Northeast Calgary, Calgary","2 nights, 2 adults","CAD 245","8.1"
"https://cf.bstatic.com/xdata/images/hotel/square600/442678935.webp?k=3ca3b550d3c019acf64abe868a64114de2b35bdc40e9f5fc000f7398dd8b2d7b&o=","Residence Inn by Marriott Calgary Airport","Large King Studio with Sofa Bed","Northeast Calgary, Calgary","2 nights, 2 adults","CAD 478","8.9"
"https://cf.bstatic.com/xdata/images/hotel/square600/574065966.webp?k=bdcc9915b4f7bbf192df4db2fb53f26bf33cda3499a22be5a278a17db236a064&o=","Executive Residency by Best Western Calgary City View North","King Room - Non-Pet Friendly","Calgary","2 nights, 2 adults","CAD 258","8.7"
"https://cf.bstatic.com/xdata/images/hotel/square600/521209142.webp?k=12f05c39005034c1f9813408867a393ca473eddc23256cb62cb316cdf741913b&o=","Country Inn & Suites by Radisson, Calgary-Northeast","King Room - Non-Smoking","Northeast Calgary, Calgary","2 nights, 2 adults","CAD 257","7.8"
"https://cf.bstatic.com/xdata/images/hotel/square600/275018726.webp?k=1173526f2874fbf946085e1ca43465122c752b08554f5a028d9d699fb2627f96&o=","Holiday Inn Express & Suites - Calgary Airport Trail NE, an IHG Hotel","Standard Room with Two Queen Beds","Northeast Calgary, Calgary","2 nights, 2 adults","CAD 254","7.9"
"https://cf.bstatic.com/xdata/images/hotel/square600/275643570.webp?k=17844156d72471e5cfd31dcf8f5b8251deabc6f7c2abc9bd94c28031fcb1f0fc&o=","Super 8 by Wyndham Macleod Trail Calgary","Queen Studio - Non-Smoking","Southwest Calgary, Calgary","2 nights, 2 adults","CAD 268","7.5"
"https://cf.bstatic.com/xdata/images/hotel/square600/247185043.webp?k=453e8f36876d905fa66baf0398e9dd6363628cf5a4f127081675d961515c6b56&o=","Holiday Inn Calgary Airport, an IHG Hotel","Queen Suite with Two Queen Beds - Non-Smoking","Northeast Calgary, Calgary","2 nights, 2 adults","CAD 270","7.6"
"https://cf.bstatic.com/xdata/images/hotel/square600/474932616.webp?k=4817e7c430230a072920e80b3cf9dca663fb8278fd116bab51ba16d305dc4574&o=","DoubleTree by Hilton Calgary North","King Room","Northeast Calgary, Calgary","2 nights, 2 adults","CAD 280","7.7"
"https://cf.bstatic.com/xdata/images/hotel/square600/485199806.webp?k=4710968b74b03de7e76b726283974ea5389276af5866ad9ad31cf0b5fe4ac332&o=","Hotel 11, MOD A Sonesta Collection","King Room","Northeast Calgary, Calgary","2 nights, 2 adults","CAD 283","8.6"
"https://cf.bstatic.com/xdata/images/hotel/square600/555800820.webp?k=e9339f2aae05b1f1ab1379d975dfb975d632403002f26e330b435e87be847b14&o=","Amenida Residences, Calgary","Queen Room","Calgary","2 nights, 2 adults","CAD 232","5.8"
"https://cf.bstatic.com/xdata/images/hotel/square600/247953860.webp?k=3812a362992567ffde7aab7fc97c3aafce1376ff816e95878bbdbebcf46e3ac4&o=","Staybridge Suites - Calgary Airport, an IHG Hotel","Studio Queen Suite - Non-Smoking","Northeast Calgary, Calgary","2 nights, 2 adults","CAD 283","8.2"
"https://cf.bstatic.com/xdata/images/hotel/square600/243632940.webp?k=0b1a8fc7f3795032e305358925dbdc04e97796ac43ccfd13c4e9457a186a6a0b&o=","Best Western Premier Calgary Plaza Hotel & Conference Centre","King Room - Non-Smoking","Northeast Calgary, Calgary","2 nights, 2 adults","CAD 318","8.4"
"https://cf.bstatic.com/xdata/images/hotel/square600/400055839.webp?k=e3bded7b35f7dc0156240b1cb67ac3cb00fcc813814b0ce71a5b6aff33db7875&o=","Econo Lodge Motel Village","Queen Room - Non-Smoking","University of Calgary District , Calgary","2 nights, 2 adults","CAD 198","6.0"
"https://cf.bstatic.com/xdata/images/hotel/square600/61243321.webp?k=bae11723700a8d274adba4fc6786528fb855f8f572e6c8594ea9864d0ff36f73&o=","Hotel Clique Calgary Airport","Deluxe King Room","Northeast Calgary, Calgary","2 nights, 2 adults","CAD 308","8.7"
"https://cf.bstatic.com/xdata/images/hotel/square600/295820402.webp?k=cfbf2b2f6cca87e84203cbcf4f5c3b79cb1e69589249cfb4a4a4bd8967bbe180&o=","Carriage House Hotel and Conference Centre","Standard Two Queen Room","Calgary","2 nights, 2 adults","CAD 292","8.5"
"https://cf.bstatic.com/xdata/images/hotel/square600/252209691.webp?k=4c282e58b325b7119ba36ca8f5ebe532d129f712136a542637d1e903414d3104&o=","SAIT Residence & Conference Centre - Calgary","Two Bedroom Suite","Calgary","2 nights, 2 adults","CAD 196","5.1"
"https://cf.bstatic.com/xdata/images/hotel/square600/287850720.webp?k=36746bfb8cce47499967539bf71091f094bce900e8fd24135e17a0297d88a50e&o=","Sandman Signature Calgary Downtown Hotel","Standard Room, 1 Queen Bed","Downtown Calgary, Calgary","2 nights, 2 adults","CAD 364","7.9"
"https://cf.bstatic.com/xdata/images/hotel/square600/514930480.webp?k=5861e6a0c440add87c160c384369787c82deb513aab0c7de8750405441583f4a&o=","Sandman Hotel Calgary Airport","Standard Room, 1 King Bed, Sofa Bed","Northeast Calgary, Calgary","2 nights, 2 adults","CAD 295","7.4"
"https://cf.bstatic.com/xdata/images/hotel/square600/193744871.webp?k=0ea3254edc7061d84317acc9fcce0e22752bf610f4304defe9b6add79c8e8c22&o=","Alt Hotel Calgary East Village","King Room","Downtown Calgary, Calgary","2 nights, 2 adults","CAD 398","8.9"
"https://cf.bstatic.com/xdata/images/hotel/square600/454140334.webp?k=bbcd2abaf6d353ebe54ad9509fe68496af737291bdc5ad6234b56f4a6e5eb3b2&o=","2BR condo in downtown, w/ view+parking","Two-Bedroom Apartment","Beltline, Calgary","2 nights, 2 adults","CAD 337","9.2"
"https://cf.bstatic.com/xdata/images/hotel/square600/248095073.webp?k=5c2d672f2cb58ea0b476831c00c12c2ff6089b416b365f4661e197bf53a06715&o=","Holiday Inn Hotel & Suites Calgary South - Conference Ctr, an IHG Hotel","Superior King Room","Calgary","2 nights, 2 adults","CAD 302","8.5"
"https://cf.bstatic.com/xdata/images/hotel/square600/170447431.webp?k=115abe6d0d051566c2b05033617e16742f09cc3ba92525b4699ff757a091c43e&o=","Comfort Inn & Suites University","King Room","University of Calgary District , Calgary","2 nights, 2 adults","CAD 258","6.3"
"https://cf.bstatic.com/xdata/images/hotel/square600/547988284.webp?k=53656f408de3aa97f77b815b998d66aadb4c98e4a62eb789b25be923dd22b22b&o=","Fun and Colourful Condo w Foosball Parking Coffee","Apartment","Beltline, Calgary","2 nights, 2 adults","CAD 248","8.9"
"https://cf.bstatic.com/xdata/images/hotel/square600/206615697.webp?k=9a6abaeec3f3d59d9a6c68933d4a4a9b4711af6b4158b5a6cd244fff44c0812f&o=","Comfort Inn & Suites South","Double Room","Calgary","2 nights, 2 adults","CAD 249","7.3"
"https://cf.bstatic.com/xdata/images/hotel/square600/412295908.webp?k=d3d3eefeef689cbb0da09f70d1112343d544f30ff128b57e1010c37b41f4b73b&o=","Modern Suite in Historic Bldg. Minutes to DT","One-Bedroom Apartment","Calgary","2 nights, 2 adults","CAD 249","9.0"
"https://cf.bstatic.com/xdata/images/hotel/square600/521209672.webp?k=91d6c18d0d3598db58deb031a07af8c7a8e742afedd00f66466dca72b790eade&o=","Radisson Hotel & Conference Centre Calgary Airport","Queen Room","Northeast Calgary, Calgary","2 nights, 2 adults","CAD 320","7.4"
"https://cf.bstatic.com/xdata/images/hotel/square600/169808868.webp?k=b8e84e052ced6dbfba9f482fed70c6c38606aa95e6aedc6c5430f44257b2ac05&o=","Comfort Inn & Suites Airport North","King Room","Calgary","2 nights, 2 adults","CAD 300","8.1"
"https://cf.bstatic.com/xdata/images/hotel/square600/64526696.webp?k=088e26a3701f89251166a2c18ebf742822f8971ff97aa9ff75e9c59b9eb402d9&o=","Applause Hotel Calgary Airport by CLIQUE","King Room","Northeast Calgary, Calgary","2 nights, 2 adults","CAD 349","8.9"
"https://cf.bstatic.com/xdata/images/hotel/square600/88101655.webp?k=27fa8fdf6620cecf95d1fdfd949e9450ce34d67468103e06e8ea555769e5ac2e&o=","Monki Di Executive Suites - Alura","Apartment with Balcony","Beltline, Calgary","2 nights, 2 adults","CAD 239","8.4"
"https://cf.bstatic.com/xdata/images/hotel/square600/521209323.webp?k=d60260133f30e469e21ecda56739201a2dc01f7a3a2b4dedd3426aa927639d5f&o=","Park Inn by Radisson, Calgary Airport North, AB","Queen Studio Suite - Non-Smoking","Northeast Calgary, Calgary","2 nights, 2 adults","CAD 313","8.5"
"https://cf.bstatic.com/xdata/images/hotel/square600/248063839.webp?k=132ae06b93a813b67379954f7cf75771cb398cbe76b84e77d6659c4ad99b771b&o=","Holiday Inn Express and Suites Calgary University, an IHG Hotel","Standard Room with Two Queen Beds","University of Calgary District , Calgary","2 nights, 2 adults","CAD 357","8.4"
"https://cf.bstatic.com/xdata/images/hotel/square600/141774893.webp?k=ccd71fe01446cac99dacf12e4e7563c74b008034f044601aa22843fb2c6d057a&o=","Hotel Arts","Luxury King Room with Balcony","Beltline, Calgary","2 nights, 2 adults","CAD 537","8.1"
"https://cf.bstatic.com/xdata/images/hotel/square600/485745461.webp?k=b97c73379916b01a44a72acc705c85f543f24ddd00cc07eead2304017b70ac87&o=","Hilton Garden Inn Calgary Downtown","King Room with Tub - Mobility and Hearing Access","Downtown Calgary, Calgary","2 nights, 2 adults","CAD 515","8.1"
"https://cf.bstatic.com/xdata/images/hotel/square600/485746331.webp?k=2a458bf439ceb44d22dbfd5d7bbfd241f4e9e9383dbdad780fd68a3cdecb34aa&o=","Hampton Inn & Suites by Hilton Calgary University NW","Queen Room with Two Queen Beds - Non-Smoking","University of Calgary District , Calgary","2 nights, 2 adults","CAD 381","8.0"
"https://cf.bstatic.com/xdata/images/hotel/square600/474967498.webp?k=f6406f8994608640dce76df33a46a7305761418203e583a60da42c6e77464626&o=","The Westley Calgary Downtown, Tapestry Collection By Hilton","Single Room","Downtown Calgary, Calgary","2 nights, 2 adults","CAD 529","9.0"
"https://cf.bstatic.com/xdata/images/hotel/square600/275009326.webp?k=313fa5e19292bbef9a39b9544cf34e18c515f19f815b1e5f51ff6c2875be4b02&o=","Holiday Inn Express Airport Calgary, an IHG Hotel","Standard Room with Two Queen Beds","Northeast Calgary, Calgary","2 nights, 2 adults","CAD 306","8.0"
"https://cf.bstatic.com/xdata/images/hotel/square600/220163577.webp?k=251229513184155b51db70167840fb89e02ad91ce4dc3c3d9c6c36f8e891a63e&o=","Best Western Plus Suites Downtown Calgary","Queen Room with Two Queen Beds and Kitchenette","Beltline, Calgary","2 nights, 2 adults","CAD 359","7.8"
"https://cf.bstatic.com/xdata/images/hotel/square600/480676289.webp?k=209912e280a74853914896f620cc07461da38f5c414e42bf2cd18668516aa0d8&o=","Calgary Gorgeous Single House close LRT&UC&Free Parking","Double Room with Shared Bathroom","Calgary","2 nights, 2 adults","CAD 174","9.3"
"https://cf.bstatic.com/xdata/images/hotel/square600/554873933.webp?k=1ffdb9716cb1d6e28250d8517603fddfa8ba2cb2cca0398d301b5f0b1d530648&o=","Divya Sutra Plaza and Conference Centre Calgary Airport","Superior King Room","Northeast Calgary, Calgary","2 nights, 2 adults","CAD 259","7.3"
"https://cf.bstatic.com/xdata/images/hotel/square600/234142668.webp?k=4b958303f09904fde4bde31be09620ac83975247349587fd3963be6478f8acc2&o=","Holiday Inn Express and Suites Calgary, an IHG Hotel","Standard King Room","Downtown Calgary, Calgary","2 nights, 2 adults","CAD 432","7.6"
"https://cf.bstatic.com/xdata/images/hotel/square600/234142664.webp?k=f127b47ae8fa166b794ff7e6a354225aff73f0e4e07765117b3c0764e6ae9a98&o=","Holiday Inn Express Calgary South, an IHG Hotel","Standard Queen Room with Two Queen Beds","Calgary","2 nights, 2 adults","CAD 264","6.4"
"https://cf.bstatic.com/xdata/images/hotel/square600/496559364.webp?k=f8badb6775301b9af0aec0528db608837a0893535f27b2dc1350fb646a0f9c8d&o=","GLOBALSTAY New Apartments in Cranbrook Free street parking","Two-Bedroom Apartment","Calgary","2 nights, 2 adults","CAD 229","8.1"
"https://cf.bstatic.com/xdata/images/hotel/square600/497460027.webp?k=ef4b08b8b8ca45e484c3882b11003fcf13b29785546c36a460d0936a7f94e88e&o=","Aloft Hotel Calgary University","Aloft, Guest room, 2 Queen","University of Calgary District , Calgary","2 nights, 2 adults","CAD 349","7.8"
"https://cf.bstatic.com/xdata/images/hotel/square600/323435920.webp?k=2a28038fcaeec5e0e0a228763b02d3d95e3fad931f402c06f1ed1e921d7acc70&o=","Stylish Downtown Condos by GLOBALSTAY","One-Bedroom Apartment","Beltline, Calgary","2 nights, 2 adults","CAD 282","7.7"
"https://cf.bstatic.com/xdata/images/hotel/square600/411717194.webp?k=e2d620f122d276151e7c98caf63f9987dba270afbc4ef9c2f09cc6e9fd620540&o=","Best Western Plus Village Park Inn","Queen Room with Two Queen Beds - Non-Smoking","University of Calgary District , Calgary","2 nights, 2 adults","CAD 343","8.2"
"https://cf.bstatic.com/xdata/images/hotel/square600/140327246.webp?k=393922001244082414bbfb6b26b5b95824c397cf4f9b2ccdd481ff276a31d3e3&o=","Wingate by Wyndham Calgary South","Deluxe, King Bed, Non Smoking","Calgary","2 nights, 2 adults","CAD 376","8.4"
"https://cf.bstatic.com/xdata/images/hotel/square600/211988765.webp?k=8521b97c36ab3e76a0990a5e2d58f12f2d8ff7a56e7ce13f7bdba48e6a782379&o=","Hyatt Place Calgary Airport","Queen Room with Two Queen Beds and Sofa Bed","Northeast Calgary, Calgary","2 nights, 2 adults","CAD 394","8.2"
"https://cf.bstatic.com/xdata/images/hotel/square600/536261787.webp?k=9c560ad35fe08d59e34fb4a34154c11a2da62d370e22ded2041b0e4f2291c924&o=","Acclaim Hotel by CLIQUE","Platinum Room","Northeast Calgary, Calgary","2 nights, 2 adults","CAD 293","8.3"
"https://cf.bstatic.com/xdata/images/hotel/square600/287853075.webp?k=c6e436e0fa21373f2810f831920249a09803f061d3df9516a39f153e06eead3d&o=","Sandman Hotel & Suites Calgary West","Standard Suite, 1 King Bed, Sofa Bed, Kitchenette","Calgary","2 nights, 2 adults","CAD 422","7.5"
"https://cf.bstatic.com/xdata/images/hotel/square600/492362853.webp?k=3b8be9b022763dc03589aa6b612f50dbf57e75b18eb361e2bd29b5309a9913d4&o=","Hotel Blackfoot","Signature Queen Room with Two Queen Beds","Calgary","2 nights, 2 adults","CAD 378","8.5"
"https://cf.bstatic.com/xdata/images/hotel/square600/578938237.webp?k=913ab3524adb56951540cfceb0cbbabcf6dd10a6149120a8d7383ef28231b1ef&o=","LUXURY Downtown Sunset Getaway - Your Home Away From Home - Fully Stocked Kitchen, Gym, Balcony, FREE PARKING","One-Bedroom Apartment","Beltline, Calgary","2 nights, 2 adults","CAD 470","9.3"
"https://cf.bstatic.com/xdata/images/hotel/square600/430841825.webp?k=88e4105f98e6aa327fd2964bc0b5576a8109fcad16ab24b79037fd52107d540a&o=","Residence Inn by Marriott Calgary Downtown/Beltline District","Studio, 1 King","Beltline, Calgary","2 nights, 2 adults","CAD 610","9.1"
"https://cf.bstatic.com/xdata/images/hotel/square600/476812844.webp?k=57ed2f575383a5125e8597ef42ebfd840cd98079508a4e165cbe782bdb911348&o=","Delta Hotels by Marriott Calgary South","King Room","Calgary","2 nights, 2 adults","CAD 428","8.1"
"https://cf.bstatic.com/xdata/images/hotel/square600/56626537.webp?k=d3ef98a6641e95d1d090baba8c43dce85889899e55f0c53e0b44cb2003b18f67&o=","Centro Motel","Queen Room","Calgary","2 nights, 2 adults","CAD 258","8.0"
"https://cf.bstatic.com/xdata/images/hotel/square600/492627298.webp?k=97e0a55c2cbb57be6814427bcf384be287fff46114d58a5e088a66b870b94ee0&o=","Best Western PLUS Port O'Call Hotel","Queen Room with Two Queen Beds - Non-Smoking","Northeast Calgary, Calgary","2 nights, 2 adults","CAD 418","8.1"
"https://cf.bstatic.com/xdata/images/hotel/square600/387437401.webp?k=a01f5dba77350ac21a93691324daca1c7ef6c18cadea6ae4dddcec4157f48c81&o=","Super 8 by Wyndham Calgary Shawnessy Area","Queen Room with Two Queen Beds - Non-Smoking","Southwest Calgary, Calgary","2 nights, 2 adults","CAD 328","7.8"
"https://cf.bstatic.com/xdata/images/hotel/square600/550605412.webp?k=54a1848310531ba53073a2e7915b48cd629e26c0cac881940ec0bc9f5f9996f3&o=","Ramada Plaza by Wyndham Calgary Downtown","Double Room with Two Double Beds - Non-Smoking","Downtown Calgary, Calgary","2 nights, 2 adults","CAD 358","7.3"
"https://cf.bstatic.com/xdata/images/hotel/square600/281696815.webp?k=9f20773de427e14050020f7c92de519e37a04aef37ff35e55499f389357a3d4a&o=","Wingate by Wyndham Calgary Airport","Deluxe King Room - Non-Smoking","Northeast Calgary, Calgary","2 nights, 2 adults","CAD 304","8.3"
"https://cf.bstatic.com/xdata/images/hotel/square600/325057985.webp?k=cdd8b5f71b877a5aa497ec14d338c44ef8fa569b9848558085048a9daf5a47ec&o=","Emerald Hotel & Suites Calgary Airport","Standard Double Room","Northeast Calgary, Calgary","2 nights, 2 adults","CAD 188","5.5"
"https://cf.bstatic.com/xdata/images/hotel/square600/459769180.webp?k=df05b3998885e5a96eca09ac1d7338e159cb9947d33f0a5050cb85bdb6e26a06&o=","Four Points by Sheraton Calgary Airport","Standard King Room","Northeast Calgary, Calgary","2 nights, 2 adults","CAD 308","7.8"
"https://cf.bstatic.com/xdata/images/hotel/square600/467543631.webp?k=d3d2c9bcfc08c1aad4dfe65a52bb574d069ca0058832a64b0b97c2435a6ae8be&o=","Sheraton Suites Calgary Eau Claire","King Suite with Sofa Bed","Downtown Calgary, Calgary","2 nights, 2 adults","CAD 648","8.6"
"https://cf.bstatic.com/xdata/images/hotel/square600/495047612.webp?k=d8ed0fd74123ee539211a78c76ba0187292c84ae4e1364a28a528bb870797591&o=","Days Inn by Wyndham Calgary South","Double Room with Two Double Beds - Non-Smoking","Calgary","2 nights, 2 adults","CAD 298","7.2"
"https://cf.bstatic.com/xdata/images/hotel/square600/162601960.webp?k=4d0026556ec5cc2e960c88c5e6d95c5c3652439f835e1686c35b713ca71615ee&o=","Service Plus Inns and Suites Calgary","King Room with Walk-In Shower - Disability Access/Non-Smoking","Calgary","2 nights, 2 adults","CAD 293","8.2"
"https://cf.bstatic.com/xdata/images/hotel/square600/467540150.webp?k=1d664b0af6e4f9e0509712b392ad73d1b07e8f9b67be84255b316d594e734dcb&o=","Four Points by Sheraton Hotel & Suites Calgary West","Guest room, 2 Queen","Calgary","2 nights, 2 adults","CAD 424","7.9"
"https://cf.bstatic.com/xdata/images/hotel/square600/380158662.webp?k=dd8113a2ea455352819b909c6dd3aa5e9818e847d21d60a50172e8da66f81a85&o=","Fairmont Palliser","Queen Room with City or Courtyard View","Downtown Calgary, Calgary","2 nights, 2 adults","CAD 754","8.3"
"https://cf.bstatic.com/xdata/images/hotel/square600/222389522.webp?k=23223211dc7cae8b1dbf9efd84f33f43d51cf179e48d8b535e363f75b9cad072&o=","Grey Eagle Resort","Standard King Room","Calgary","2 nights, 2 adults","CAD 378","8.5"
"https://cf.bstatic.com/xdata/images/hotel/square600/529282705.webp?k=4d11f197d984a9fe2e6e81a3b04eaf9c0d7eb789d99b8dc0d5e747ac7787144e&o=","Sandman Hotel & Suites Calgary South","Standard Room, 1 King Bed","Calgary","2 nights, 2 adults","CAD 482","8.0"
"https://cf.bstatic.com/xdata/images/hotel/square600/112738672.webp?k=72254d4c0ade9033fef1390dec1b65041941d0328bf3a157ef3f3d9b0fff3f3f&o=","Hyatt Regency Calgary","Queen Room with Two Queen Beds","Downtown Calgary, Calgary","2 nights, 2 adults","CAD 766","8.7"
"https://cf.bstatic.com/xdata/images/hotel/square600/264637709.webp?k=e7975a0c95609813e1b9639b70fc810d58b038599a508783923c2621b737cbd7&o=","Comfort Inn & Suites Airport South","Standard Queen Room with Two Queen Beds - Non-Smoking","Northeast Calgary, Calgary","2 nights, 2 adults","CAD 290","7.3"
"https://cf.bstatic.com/xdata/images/hotel/square600/448718665.webp?k=84cdc854e1ba2d96710ae629768d9bb1ec2332bf9b202c541f1a65263bcd037d&o=","Calgary Elegant Best Garden Suite Close LRT&UC& Free Parking","Double Room","Calgary","2 nights, 2 adults","CAD 215","8.8"
"https://cf.bstatic.com/xdata/images/hotel/square600/156640456.webp?k=3fed2b951a2b1ca63cbe172930e3df4a42f5338a492e08103cfad07ac5255e00&o=","Super 8 by Wyndham Calgary/Airport","Queen Room with Two Queen Beds - Non-Smoking","Northeast Calgary, Calgary","2 nights, 2 adults","CAD 292","6.9"
"https://cf.bstatic.com/xdata/images/hotel/square600/416302807.webp?k=04ea7fa640b167faa9a8c35382fb29d2bc3227695183cdda5e6331a9a89a1193&o=","Tuscan Ridge Homestay Calgary West","Bed in 4-Bed Mixed Dormitory Room","Calgary","2 nights, 2 adults","CAD 154","7.9"
"https://cf.bstatic.com/xdata/images/hotel/square600/161682073.webp?k=6f1232c8014c4b950e712b2fb4374a69ed86612ae53e2a8bccd70f246d5ec4aa&o=","Best Western Premier Freeport Inn Calgary Airport","Queen Room with Two Queen Beds","Northeast Calgary, Calgary","2 nights, 2 adults","CAD 380","8.3"
"https://cf.bstatic.com/xdata/images/hotel/square600/248056370.webp?k=08680fb9c8950f885c5bef04c63ade3ea271a72c5e9078bf7380dc6dc510582b&o=","Holiday Inn Hotel & Suites - Calgary Airport North, an IHG Hotel","Standard Queen Room with Two Queen Beds","Northeast Calgary, Calgary","2 nights, 2 adults","CAD 308","8.0"
"https://cf.bstatic.com/xdata/images/hotel/square600/331584583.webp?k=2079317ecf54a1157ce36bcebe8898e5407c022e60b7cad625bb29427096ff81&o=","Roadking Inns Motel","Queen Room - Non Pet Friendly","Calgary","2 nights, 2 adults","CAD 214","6.7"
"https://cf.bstatic.com/xdata/images/hotel/square600/215466259.webp?k=f9aaaced28bb9099fddb7006a877fcd6715366ed49369654f1a41d0f0c193159&o=","Airport Traveller's Inn","Queen Room - Non-Smoking","Northeast Calgary, Calgary","2 nights, 2 adults","CAD 260","4.2"
"https://cf.bstatic.com/xdata/images/hotel/square600/459608391.webp?k=13372a37160a9f2b626126e3dfc5aab556ac3cf9562d09536c0265bb5ee7e64e&o=","Courtyard by Marriott Calgary Downtown","King Room","Downtown Calgary, Calgary","2 nights, 2 adults","CAD 648","8.7"
"https://cf.bstatic.com/xdata/images/hotel/square600/487799039.webp?k=8d9ce1704cfe99db50141b5398513a9aa736be9559d2168a747852e48698a7d5&o=","Calgary Mountain Elegant Suite close LRT&UC& Free Parking","Standard Double Room with Shared Bathroom","Calgary","2 nights, 2 adults","CAD 188","9.4"
"https://cf.bstatic.com/xdata/images/hotel/square600/489359297.webp?k=9144f475a545b3b7ef6f0c548af0eacc9e88073c010dc7b1edc50a6b58b2a132&o=","Spacious Room & Living Area in NW!","Double Room","Calgary","2 nights, 2 adults","CAD 180","9.2"
"https://cf.bstatic.com/xdata/images/hotel/square600/484397868.webp?k=1a7bdd51cb09a7c098921adbe9728d0cf3e445889d60f5002aa29a2ed04d6021&o=","Hampton Inn by Hilton Calgary Airport North","King Room - Non-Smoking","Northeast Calgary, Calgary","2 nights, 2 adults","CAD 441","8.5"
"https://cf.bstatic.com/xdata/images/hotel/square600/516424900.webp?k=1a97bcc452bb3275dd5aa99b2c617f22df12645332a2ff737099fedabc2c185a&o=","Lovely comfy home private bath in central Calgary","Deluxe Queen Room","Southwest Calgary, Calgary","2 nights, 2 adults","CAD 204","8.9"
"https://cf.bstatic.com/xdata/images/hotel/square600/511918200.webp?k=721d8a4f7726ab69a39d9a7ab238c2a80c23975a35d02fd7e468b0454ee2d5f8&o=","Room 2 of Lovely home, Montgomery downtown Calgary","Queen Room","Calgary","2 nights, 2 adults","CAD 257","9.3"
"https://cf.bstatic.com/xdata/images/hotel/square600/485746454.webp?k=3bd044fb7d4b3ac0d27390adddbcf6dd9526e0274a3e4b404086d1ab7cb54474&o=","Homewood Suites by Hilton Calgary Downtown","Studio Suite with Two Queen Beds - Non-Smoking","Downtown Calgary, Calgary","2 nights, 2 adults","CAD 692","8.2"
"https://cf.bstatic.com/xdata/images/hotel/square600/484399084.webp?k=ed1f58f1dab903a758fb40ac74245c127ef6f7bdb1d5046df5c235b19458a493&o=","Homewood Suites Calgary Airport","One-Bedroom Suite - Disability Access","Northeast Calgary, Calgary","2 nights, 2 adults","CAD 445","8.6"
"https://cf.bstatic.com/xdata/images/hotel/square600/497162664.webp?k=ec8f7e8b349ec805d927a36b8482f05db1a1bacf8c69ec2f97a5850d8968ad9c&o=","Calgary Mountain Gorgeous Single House Close Airport & Free Parking","Double Room with Shared Bathroom","Calgary","2 nights, 2 adults","CAD 207","9.3"
"https://cf.bstatic.com/xdata/images/hotel/square600/222036796.webp?k=eb83fee58e7f5d4df56cdd7a6ea78d954932690d17e988fe81d7b737d6636e8b&o=","Travelodge by Wyndham Calgary South","Deluxe King Room - Non-Smoking","Calgary","2 nights, 2 adults","CAD 300","6.6"
"https://cf.bstatic.com/xdata/images/hotel/square600/322646269.webp?k=6783b14d8ebd3032f65985e5f9b876de64953a69571cfe2b7456f44e00a1ddc1&o=","Along River Ridge","Queen Room","Calgary","2 nights, 2 adults","CAD 332","7.9"
"https://cf.bstatic.com/xdata/images/hotel/square600/461645357.webp?k=a4961ff91ce73cd9f4c95d437b2598c73bf7761fcc27b580ed2fd3a403c58afb&o=","Element Calgary Airport","Queen Studio with Two Queen Beds","Northeast Calgary, Calgary","2 nights, 2 adults","CAD 498","8.5"
"https://cf.bstatic.com/xdata/images/hotel/square600/568625786.webp?k=b0e237f07c2fce7c73feb2219e566d4c166d4adfa2de6c660212898c67c1ebe4&o=","MoreThanHome","Double or Twin Room","Calgary","2 nights, 2 adults","CAD 162","8.1"
"https://cf.bstatic.com/xdata/images/hotel/square600/442715327.webp?k=2a435a1727e31327002cabbe56188c3f75f83bc59bd30d115bcd971181044912&o=","The Westin Calgary Airport","Traditional Queen Room with Two Queen Beds","Northeast Calgary, Calgary","2 nights, 2 adults","CAD 508","8.7"
"https://cf.bstatic.com/xdata/images/hotel/square600/579322768.webp?k=da13bcb68ef946750c96b39a23d56c62838b97fdbf8e0e96c23dfe8fe059f755&o=","Spacious Villa in Corner Heaven","Four-Bedroom House","Northeast Calgary, Calgary","2 nights, 2 adults","CAD 410","10"
"https://cf.bstatic.com/xdata/images/hotel/square600/508099296.webp?k=cfc1c1fb3b379592fb952e9f4981a906eebd9f212a4920d0277d0c071e7bbf69&o=","Lu Yao Inn OP","Double Room with Shared Bathroom","Calgary","2 nights, 2 adults","CAD 216","9.3"
"https://cf.bstatic.com/xdata/images/hotel/square600/14893593.webp?k=1c21f24c2cf1d30b056e2b354f33ccdaf119a50a60b6e2bf724d5fb888822a39&o=","Hotel Le Germain Calgary","Classic King Room","Downtown Calgary, Calgary","2 nights, 2 adults","CAD 578","8.8"
"https://cf.bstatic.com/xdata/images/hotel/square600/118600157.webp?k=39f2bdcf0ad02eff21d11aa3b47b9bb68378fb9fe8882d862baecc412a3fae2d&o=","Best Western Airport Inn","Queen Room with Two Queen Beds - Non-Smoking","Northeast Calgary, Calgary","2 nights, 2 adults","CAD 316","7.5"
"https://cf.bstatic.com/xdata/images/hotel/square600/227187437.webp?k=5a014beb81487eb8e94ed4bc096d316dc83f7143c4956986148b5334782e22fe&o=","Best Western PLUS Calgary Centre Inn","Queen Room with Two Queen Beds - Non-Smoking","Calgary","2 nights, 2 adults","CAD 380","8.4"
"https://cf.bstatic.com/xdata/images/hotel/square600/477966665.webp?k=9611f000d1385d75733af6319c7582657f488851b4c124cc3851545eff78692b&o=","Chic 2BR Condo in Vibrant Downtown Calgary","Two-Bedroom Apartment","Beltline, Calgary","2 nights, 2 adults","CAD 380","9.2"
"https://cf.bstatic.com/xdata/images/hotel/square600/519352329.webp?k=5621b1f048c70b7250a27c4e88793037470791d098056e5c4752fa52749d113a&o=","Coast Calgary Downtown Hotel & Suites by APA","Coast Premium King Studio","Downtown Calgary, Calgary","2 nights, 2 adults","CAD 418","8.2"
"https://cf.bstatic.com/xdata/images/hotel/square600/117816879.webp?k=fbb0b8ca9f1f2dcc3aab35b6e1a36267375b3e8a973ebbb2367ea09ea472fbc2&o=","Deerfoot Inn and Casino","Standard Queen Room with Two Queen Beds","Calgary","2 nights, 2 adults","CAD 304","7.9"
"https://cf.bstatic.com/xdata/images/hotel/square600/554533655.webp?k=8aa4ad6d37c1a06923b660f5a0c9ffae1af0f8879075995fc3f074af229085c5&o=","Calgary-Banff house close LRT&DT&Free Parking","Standard Double Room with Shared Bathroom","Calgary","2 nights, 2 adults","CAD 205","9.2"
"https://cf.bstatic.com/xdata/images/hotel/square600/135463943.webp?k=eef0e829c61e45f433130c2dc4c2fc6203fd22f6faf847082b9b7afe8f33f43c&o=","Days Inn by Wyndham Calgary Northwest","Queen Room with Shower - Non-Smoking","Calgary","2 nights, 2 adults","CAD 346","7.8"
"https://cf.bstatic.com/xdata/images/hotel/square600/136807748.webp?k=4d6100bc279f5c4ae5970187e2a4314d27c2cb15ba39aa77ee26d75fc7140076&o=","Days Inn by Wyndham Calgary Airport","Queen Room with Sofa Bed - Disability Access/Non-Smoking","Northeast Calgary, Calgary","2 nights, 2 adults","CAD 328","7.5"
"https://cf.bstatic.com/xdata/images/hotel/square600/457313461.webp?k=951c68c041a9745f9846aa3ff71266915bebb77610bbf38dfda7fb468e2a457b&o=","DreamStays","Standard Apartment","Calgary","2 nights, 2 adults","CAD 251","9.4"
"https://cf.bstatic.com/xdata/images/hotel/square600/287851107.webp?k=b42bc13639fac41832fae58689b8827461b2ce63da28ffa7cd9d554f5d816252&o=","Sandman Signature Calgary Airport Hotel","Signature Room, 1 King Bed","Northeast Calgary, Calgary","2 nights, 2 adults","CAD 341","7.7"
"https://cf.bstatic.com/xdata/images/hotel/square600/499821256.webp?k=d72d0853fcf43797a165d1d1f4eadf7427810b8d2386563d0ff1abafc4d085fb&o=","hunter' s new home!","Double Room with Shared Bathroom","Calgary","2 nights, 2 adults","CAD 146","6.4"
"https://cf.bstatic.com/xdata/images/hotel/square600/70610640.webp?k=409fd5a8db60a6c3ccfcaf8b7994043f33b14f2f3ac4f5ff7d54a25273b2363a&o=","HI Calgary City Centre - Hostel","Deluxe Queen Room","Downtown Calgary, Calgary","2 nights, 2 adults","CAD 349","8.2"
"https://cf.bstatic.com/xdata/images/hotel/square600/444535113.webp?k=0de24b6abcded788020afcabe9b5a67d4e009cc83508cff2400bd32c90274db8&o=","Sheraton Cavalier Calgary Hotel","King Room with Sofa Bed","Northeast Calgary, Calgary","2 nights, 2 adults","CAD 408","8.3"
"https://cf.bstatic.com/xdata/images/hotel/square600/209190525.webp?k=39f1e40896ae04d3a3a61bbc5ee1f8779eaae8ca2e7423ea4280d2704027a2b0&o=","Calgary Star Cozy Home","Double Room with Shared Bathroom","Calgary","2 nights, 2 adults","CAD 188","6.7"
"https://cf.bstatic.com/xdata/images/hotel/square600/551542599.webp?k=8d54c9ba05d47ccf8fd3d1b0717c76bad3c54ae12413912198787692e25d3ca5&o=","Green Village B&B","Queen Room","Calgary","2 nights, 2 adults","CAD 178","8.1"
"https://cf.bstatic.com/xdata/images/hotel/square600/481123098.webp?k=48b16a6237b088134d7bb271ab12274abec8ed2f3a067c4fad2c5877ffe07c65&o=","Alt Hotel Calgary University District","King Room","Calgary","2 nights, 2 adults","CAD 338","8.5"
"https://cf.bstatic.com/xdata/images/hotel/square600/562172405.webp?k=aefae0938ea1c37cd4a38d66069accaf1d49b6acc3ea8d3bd7646b4db7c63fc7&o=","Downtown Calgary Oasis","One-Bedroom Apartment","Calgary","2 nights, 2 adults","CAD 420","-"
"https://cf.bstatic.com/xdata/images/hotel/square600/485746106.webp?k=ff58fa9ca24f623f02a5bf283eafd2f4f6c2f17edd41d3f420d0dd724bf90c2f&o=","Hampton Inn & Suites by Hilton Calgary-Airport","Queen Room with Two Queen Beds - Non-Smoking","Northeast Calgary, Calgary","2 nights, 2 adults","CAD 365","8.2"
"https://cf.bstatic.com/xdata/images/hotel/square600/505901929.webp?k=389088a5cc9a68de1588d717d961cfef07910f8c61118f0f7566fa3c04c399f2&o=","CenterStreet-Cozy 1bedroomSuite","One-Bedroom Apartment","Calgary","2 nights, 2 adults","CAD 203","7.1"
"https://cf.bstatic.com/xdata/images/hotel/square600/383895128.webp?k=7ea6626ac3574cee85195ddfc8db13458cde16979efc03369fad1f1500b7a186&o=","MT Pleasant NW 2 bedrooms Suite 502AB","Two-Bedroom Apartment","Calgary","2 nights, 2 adults","CAD 238","8.7"
"https://cf.bstatic.com/xdata/images/hotel/square600/505493275.webp?k=c423678bd91a05efca09fabf1e2772288c82e1683cdacc8b8fb7e4f4cf269617&o=","Seton Villas Cozy (Lower) Suite","One-Bedroom Apartment","Calgary","2 nights, 2 adults","CAD 201","7.1"
"https://cf.bstatic.com/xdata/images/hotel/square600/582357406.webp?k=4dbdbbc34f1ba2784c11559a4447633ef3feacecb5faabb790d464838223d128&o=","Brand New Deluxe 2 Bedroom Apartment with AC & Den","Two-Bedroom Suite","Calgary","2 nights, 2 adults","CAD 222","10"
"https://cf.bstatic.com/xdata/images/hotel/square600/577033226.webp?k=33e0548327f3ff1af7afa374d2aefdc86e46aeae82a65d822b1800f8a77838f2&o=","Private Ensuite Room in SE Calgary","Double Room with Private Bathroom","Calgary","2 nights, 2 adults","CAD 180","10"
"https://cf.bstatic.com/xdata/images/hotel/square600/537948980.webp?k=4a67e641eade68618506ac91d96564675013d1546849ff047756e173fa82b9c5&o=","Entire House","Three-Bedroom House","Calgary","2 nights, 2 adults","CAD 576","9.1"
"https://cf.bstatic.com/xdata/images/hotel/square600/270248443.webp?k=2670211e550520351ec16102449d69914a4d3d0b6df6c88684df5b53e3a31fe6&o=","Red Carpet Inn & Suites","Queen Room with Two Queen Beds - Non-Smoking","Calgary","2 nights, 2 adults","CAD 215","5.6"
"https://cf.bstatic.com/xdata/images/hotel/square600/418923987.webp?k=47f191f7b83aeb41b0221589b774a5c02c1d31a7e18ada9c79bf8c1fd3bfe3f4&o=","Westmount River Inn","King Suite with Balcony","Calgary","2 nights, 2 adults","CAD 446","8.4"
"https://cf.bstatic.com/xdata/images/hotel/square600/222725180.webp?k=8f1cf6e48522c7c37ba0cd6a6cf96379dc5d021aa83a6de33d6caa61039ec441&o=","Underwood by Corporate Stays","One-Bedroom Apartment","Beltline, Calgary","2 nights, 2 adults","CAD 450","7.5"
"https://cf.bstatic.com/xdata/images/hotel/square600/263407194.webp?k=376d8745895ded70a85caef50e596be5186d20d3a8667ad017b8c02bf835fc31&o=","Hamptons Rose garden family!","Twin Room with Shared Toilet","Calgary","2 nights, 2 adults","CAD 146","7.8"
"https://cf.bstatic.com/xdata/images/hotel/square600/553352619.webp?k=c300c182d440eadcc557d82b9ec695ae16e0a9bf6341ed37e1a5d8469017f8e9&o=","Modern & Spacious Guest Suite","One-Bedroom Apartment","Calgary","2 nights, 2 adults","CAD 163","10"
"https://cf.bstatic.com/xdata/images/hotel/square600/372690495.webp?k=209b2fd5296629a42aafeb4d7c54a3f251f52fb3efb6817d2ec5c68de1788d4a&o=","Lovely 2 bedroom 2 bathroom plus den","Two-Bedroom Apartment","Northeast Calgary, Calgary","2 nights, 2 adults","CAD 485","8.2"
"https://cf.bstatic.com/xdata/images/hotel/square600/450188511.webp?k=07bdb52aa19afca312d427285c1a6d65a216a2526e5d308452fd6fc8ca3f2f2e&o=","City View 1BR Downtown Calgary","One-Bedroom Apartment","Beltline, Calgary","2 nights, 2 adults","CAD 384","9.1"
"https://cf.bstatic.com/xdata/images/hotel/square600/480026557.webp?k=471413d85ae8a068684607c7a087800b63028bcd98430a2a2dc81a030de34a34&o=","Spacious One Bedroom Walkout Basement Suite","Two-Bedroom Apartment","Southwest Calgary, Calgary","2 nights, 2 adults","CAD 268","9.4"
"https://cf.bstatic.com/xdata/images/hotel/square600/578076244.webp?k=da83905816f74cedaeccc5c1cb95a97ac4ff20e093e111c6fd892b99c14082a0&o=","Entire Apartment Prime Downtown location Free underground Parking","One-Bedroom Apartment","Beltline, Calgary","2 nights, 2 adults","CAD 360","9.0"
"https://cf.bstatic.com/xdata/images/hotel/square600/544509927.webp?k=e28a297f7eeecf6603fc97d6ca3ff51e052fe30c37b489ce2d3a7920bb783bdb&o=","UPDATED! Downtown, Next to Casino, Stampede & Saddledome! FREE Banff Pass, Gym & Parking!","Apartment","Beltline, Calgary","2 nights, 2 adults","CAD 598","8.5"
"https://cf.bstatic.com/xdata/images/hotel/square600/362945805.webp?k=9e87a678c78fd28291052cfdae6a5c0dd4cf199fa3a774782485fb3f2924315b&o=","ELEMENT ON FIRST by Manna","Deluxe Apartment","Downtown Calgary, Calgary","2 nights, 2 adults","CAD 570","8.6"
"https://cf.bstatic.com/xdata/images/hotel/square600/116738405.webp?k=320cc6c889e39814d02adf0da82f89860b96c5b0d4cea39cc70ad047a66d7d79&o=","Hotel Arts Kensington","Luxury Room","Kensington, Calgary","2 nights, 2 adults","CAD 571","8.6"
"https://cf.bstatic.com/xdata/images/hotel/square600/560071152.webp?k=f2371827258845ccf2762ea867193b1b31e181c588d47b11819c4b6f4ecd5772&o=","Cozy 2BR Condo with King Bed and City Views","Apartment","Beltline, Calgary","2 nights, 2 adults","CAD 399","9.0"
"https://cf.bstatic.com/xdata/images/hotel/square600/446997758.webp?k=31b3fca2ee186fa2ce7b2c80de67ac49aed55d118f411e6dc67a52d2b5839e7b&o=","Fairfield Inn & Suites by Marriott Calgary Downtown","King Room","Beltline, Calgary","2 nights, 2 adults","CAD 598","8.4"
"https://cf.bstatic.com/xdata/images/hotel/square600/530540186.webp?k=f0fc014a96902c0c9e3edba8076dd9ae797333b7a4fee0fb0a8119bba5070bd9&o=","Aurora legal suite","Two-Bedroom Apartment","Calgary","2 nights, 2 adults","CAD 171","4.8"
"https://cf.bstatic.com/xdata/images/hotel/square600/551341118.webp?k=50eba10e39e79208170766b7b1a8de37a1259dbac3865c7eca7da6e692ccb168&o=","Hilton Garden Inn Calgary Airport","King Room","Northeast Calgary, Calgary","2 nights, 2 adults","CAD 407","8.2"
"https://cf.bstatic.com/xdata/images/hotel/square600/545727555.webp?k=d1846c28ab81d1b934825d485c0fe8a15118b811f73ad6e217c6205057b188ae&o=","Small Paris Two Bedrooms entire house","Two-Bedroom Apartment","Calgary","2 nights, 2 adults","CAD 285","8.1"
"https://cf.bstatic.com/xdata/images/hotel/square600/548883563.webp?k=d1cdf66a61f4e58786e9c33f683d2312f23eb1a99773de4a3938f3d244ee9dca&o=","Luxury Serenity 2 Bedroom Suite NW Calgary","Two-Bedroom Apartment","Calgary","2 nights, 2 adults","CAD 285","9.1"
"https://cf.bstatic.com/xdata/images/hotel/square600/560369852.webp?k=84231804e42df8bdfeeb71240bd907b6d73c5535bcd898380feedfcbc7963074&o=","Brand New Suite in the Lakes","One-Bedroom Apartment","Calgary","2 nights, 2 adults","CAD 228","9.5"
"https://cf.bstatic.com/xdata/images/hotel/square600/554740340.webp?k=4e3533e79caabb47620353b30ece82e49d589b524bfff937ab230fdc9238347a&o=","Accessible-Pet friendly-Cozy-2bed/1bathSuite 08UP","Two-Bedroom Apartment","Calgary","2 nights, 2 adults","CAD 243","7.0"
"https://cf.bstatic.com/xdata/images/hotel/square600/523229819.webp?k=de18d54d4708259a024ee04e091fe93d986ffa7f85659d7386ad1ea193d11a4f&o=","Spacious 2 bedroom in Downtown","Two-Bedroom Apartment","Beltline, Calgary","2 nights, 2 adults","CAD 321","9.0"
"https://cf.bstatic.com/xdata/images/hotel/square600/574517973.webp?k=7c863e1fd3ef2aaa4362ba29da800893f6c064e84c70d92a5acd35830258adb6&o=","Nice Flowers Home near Downtown and YYC Pet OK","Apartment","Calgary","2 nights, 2 adults","CAD 589","9.5"
"https://cf.bstatic.com/xdata/images/hotel/square600/475753014.webp?k=71e4c20b1a4b492b055945473f56be4eded6e8dc61631a76d8871eca741f05ed&o=","2-bedroom basement apartment","Two-Bedroom Apartment","Calgary","2 nights, 2 adults","CAD 270","8.9"
"https://cf.bstatic.com/xdata/images/hotel/square600/116489537.webp?k=73f12da8fdf295652080804606cde052c5cde4b27d06c98f65c72053a3093ec8&o=","Brother Li Homestay","Double Room with Shared Bathroom","Calgary","2 nights, 2 adults","CAD 200","9.1"
"https://cf.bstatic.com/xdata/images/hotel/square600/498738896.webp?k=6c3af171d60cd8b1e1bfc19a079d3d5ae421d5e339d52055caf323ea03277a7b&o=","OFF CAMPUS UC Room","Double Room with Shared Bathroom","Calgary","2 nights, 2 adults","CAD 185","9.0"
"https://cf.bstatic.com/xdata/images/hotel/square600/564200057.webp?k=8a4f99db317969fa9e13e5c58026986c7216cc5fd8e24d99cfaa660f32265827&o=","Gem Havanna ensuite rooms","One-Bedroom Apartment","Calgary","2 nights, 2 adults","CAD 280","1.0"
"https://cf.bstatic.com/xdata/images/hotel/square600/459585187.webp?k=791ac8bf4e4fffdeb58b08ece76544587c1e76b1ef644568b043ae0cdfa2cfc0&o=","Delta Hotels by Marriott Calgary Downtown","Junior Suite, 1 King, Sofa bed, Corner room","Downtown Calgary, Calgary","2 nights, 2 adults","CAD 863","8.7"
"https://cf.bstatic.com/xdata/images/hotel/square600/483261000.webp?k=fc284712255575fbfa9961e1d4429820fd6dab98c0011c6bd77650f2bdb989b1&o=","Courtyard by Marriott Calgary Airport","Guest room, 1 King","Northeast Calgary, Calgary","2 nights, 2 adults","CAD 478","8.4"
"https://cf.bstatic.com/xdata/images/hotel/square600/572043255.webp?k=a582fcbef4096f1ebd4b1e75f209fce98df4f9effadf5b52d2ba3c56acf741ad&o=","Very Cozy 2BDRM Upper Mins to DT and Airport, 1 Bath","Two-Bedroom Apartment","Calgary","2 nights, 2 adults","CAD 370","7.0"
"https://cf.bstatic.com/xdata/images/hotel/square600/556139669.webp?k=59c28f72011ac341d93b2d96b7caaf4b37f4a10357e3984a335a26ae9db28e51&o=","City Escape Oasis","One-Bedroom Apartment","Calgary","2 nights, 2 adults","CAD 360","4.6"
"https://cf.bstatic.com/xdata/images/hotel/square600/527125224.webp?k=b6226fcabcd1e2d5c11c4f4dcd3bafbb2da84aa37d3d62bdab185e752088c756&o=","Luxury Corner Unit w Panoramic Skyline Downtown & Tower Views! FREE Banff Pass, Parking, Wine, Gym!","Apartment","Beltline, Calgary","2 nights, 2 adults","CAD 655","8.1"
"https://cf.bstatic.com/xdata/images/hotel/square600/577031544.webp?k=85fe9c780beef678e012014c84bac320ad70f5bd58deea91d6c6691ce8209f28&o=","The King place, close to Somerset Ctrain Station","Large Double or Twin Room","Southwest Calgary, Calgary","2 nights, 2 adults","CAD 162","7.5"
"https://cf.bstatic.com/xdata/images/hotel/square600/552584279.webp?k=490c6dcd244c60a52a001164022390bff868e4cd476f9e65b340445d85d3353a&o=","Peaceful basement, Calgary city","One-Bedroom Apartment","Calgary","2 nights, 2 adults","CAD 288","-"
"https://cf.bstatic.com/xdata/images/hotel/square600/561232424.webp?k=56cc80efac2a54ba4c93ebfbb7d990ff1c17991ab85aca33daef0b41afa57dac&o=","Stardom Suite","One-Bedroom Apartment","Calgary","2 nights, 2 adults","CAD 200","-"
"https://cf.bstatic.com/xdata/images/hotel/square600/525739731.webp?k=ada74629df6e9836eea4a67f7e67c7ea118bf9f3ca7a6beb8b57453815385e8d&o=","Cute Highlandpark (Lower B Unit)","Two-Bedroom Apartment","Calgary","2 nights, 2 adults","CAD 221","5.7"
"https://cf.bstatic.com/xdata/images/hotel/square600/566234332.webp?k=a13757b6b20673c920424e68eaf6d94c531b2543ddde96363c05e4962b40b9d1&o=","City Center Bliss Sleeps 7","One-Bedroom House","Calgary","2 nights, 2 adults","CAD 400","-"
"https://cf.bstatic.com/xdata/images/hotel/square600/573997495.webp?k=934d753e9c0c1ea599578cd5bdcc8fb9fb7efac98b73925fed30bdfac9abaae8&o=","Brand New Luxury Walk-out Suite - Calgary","Two-Bedroom House","Calgary","2 nights, 2 adults","CAD 323","10"
"https://cf.bstatic.com/xdata/images/hotel/square600/465666341.webp?k=e2c6f0f03dab8d4776446bbf6a2d8b307b5ab913bc8f2d60a413f36d6f93e8d6&o=","The Westin Calgary","Business King Tower Room","Downtown Calgary, Calgary","2 nights, 2 adults","CAD 727","7.8"
"https://cf.bstatic.com/xdata/images/hotel/square600/574412759.webp?k=7164f43fa30ecacf71cd1d990a170e5bea634dfa4b210dbddd420f5cefe8792b&o=","The Gateway 16","One-Bedroom House","Calgary","2 nights, 2 adults","CAD 504","-"
"https://cf.bstatic.com/xdata/images/hotel/square600/502519889.webp?k=0c49670d791c5c00890f99283afc7818e3d94d87d91aa0687a13140594b75b9f&o=","Calgary Airport Marriott In-Terminal Hotel","Queen Room with Two Queen Beds","Northeast Calgary, Calgary","2 nights, 2 adults","CAD 858","8.8"
"https://cf.bstatic.com/xdata/images/hotel/square600/504835262.webp?k=ada5beab21515416c25935e649f27057af8d5c4cadd0ef27e3081fb3ee7af5dc&o=","citadel cozy quilt private bedroom","Double Room with Shared Bathroom","Calgary","2 nights, 2 adults","CAD 156","6.1"
"https://cf.bstatic.com/xdata/images/hotel/square600/569422617.webp?k=d9c8e85493cee252ad98b631e504df7044cd2a1ad9868d41815dcd6d8981a78c&o=","1 bedroom basement","Deluxe Double Room (1 adult + 2 children)","Calgary","2 nights, 2 adults","CAD 230","-"
"https://cf.bstatic.com/xdata/images/hotel/square600/539151388.webp?k=0517c1b402db8966dcd112f1847fa1c77f1efcfc0f490765b0e2dfde2806dbed&o=","Casa De Jasmine","Two-Bedroom Apartment","Calgary","2 nights, 2 adults","CAD 219","7.6"
"https://cf.bstatic.com/xdata/images/hotel/square600/467766363.webp?k=a7cb501190e2e59c679863efa0e91269220084e9bad6f55d57d32379e8970f5a&o=","Luxury One Bedroom Apartment","One-Bedroom House","Calgary","2 nights, 2 adults","CAD 241","9.0"
"https://cf.bstatic.com/xdata/images/hotel/square600/557553900.webp?k=35b9b89c2b1386802dbc0744948dab3492b9e93163d2955640a7f4349f2a4997&o=","Spacious 2 BR & Kitchen Basement Apartment near Airport","Two-Bedroom Apartment","Calgary","2 nights, 2 adults","CAD 280","8.0"
"https://cf.bstatic.com/xdata/images/hotel/square600/528859575.webp?k=04a63372a8ef1618cd66e8bdd5bf7f1a33eb3c2aeb5f6781ded0510e127e7191&o=","Bluewaters in Kensington","Three-Bedroom Apartment","Kensington, Calgary","2 nights, 2 adults","CAD 606","10"
"https://cf.bstatic.com/xdata/images/hotel/square600/430819974.webp?k=0483179f5ab329d5e07d2b42c26471ba663933fb521597f90757842292ba3c6d&o=","Courtyard by Marriott Calgary South","Queen Room with Two Queen Beds","Seton, Calgary","2 nights, 2 adults","CAD 568","8.0"
"https://cf.bstatic.com/xdata/images/hotel/square600/578451805.webp?k=da9c95239541a315f45918ebf9836d076ad9f57579355698be9785cbb91a6d60&o=","On the TransCanada, AC, 3BR, 3Sofa Bed for upto 12 sleeps","Holiday Home","Calgary","2 nights, 2 adults","CAD 838","-"
"https://cf.bstatic.com/xdata/images/hotel/square600/540489727.webp?k=f30e56dd223bf50ef27df040de172e5a6f682184ef34a3bb2ea8e904767eb77d&o=","Lutas Cozy one bedroom- in shared home","One-Bedroom Apartment","Calgary","2 nights, 2 adults","CAD 228","8.1"
"https://cf.bstatic.com/xdata/images/hotel/square600/571546805.webp?k=1a3ff3068aa8e7fd532e350a1a5d73b076b1ea01f3ede51c808e5c77bf980aff&o=","Cozy 2bed Guest suite","Two-Bedroom Apartment","Calgary","2 nights, 2 adults","CAD 383","10"
"https://cf.bstatic.com/xdata/images/hotel/square600/577880771.webp?k=da179d77c5feb6dea11e1cf2642d4d4a53eaaec04f077a69372159c23409160f&o=","Beautiful and cozy room","Double Room with Shared Bathroom","Calgary","2 nights, 2 adults","CAD 153","10"
"https://cf.bstatic.com/xdata/images/hotel/square600/553172411.webp?k=00d654f4b92f30db48119a2deceedd10dc5494eb8c9a5187cc8c3a7531930cb6&o=","Lily room near golf and banff costco newly renovated queen size bed Single bathroom sofa TV","Double Room with Private Bathroom","Southwest Calgary, Calgary","2 nights, 2 adults","CAD 216","8.8"
"https://cf.bstatic.com/xdata/images/hotel/square600/563980051.webp?k=113e9d6a713882783be9f7b3dd9fa9b8eb45db4c06e6bee4b6f04dd86cd5ddb8&o=","Brand New 2 Bedroom Comfort Cove","Two-Bedroom Apartment","Calgary","2 nights, 2 adults","CAD 353","9.0"
"https://cf.bstatic.com/xdata/images/hotel/square600/566633354.webp?k=e52d967268f87c6cd7f969dca4fb135072dcfb9b6e4c5144fc183aa362ebe151&o=","Chic Downtown Condo WiFi & Parking Included","Apartment","Downtown Calgary, Calgary","2 nights, 2 adults","CAD 250","-"
"https://cf.bstatic.com/xdata/images/hotel/square600/439539874.webp?k=7406ae304a193a1f6d5107fd92da3beebb4e9052aa3ca4e60d1289c3ca83ca86&o=","Delta Hotels Calgary Airport In-Terminal","King Room","Northeast Calgary, Calgary","2 nights, 2 adults","CAD 718","8.6"
"https://cf.bstatic.com/xdata/images/hotel/square600/569136096.webp?k=ad01208d02b9e38cfd002ee8735f9b31f61787d8e4af4eefb6a29f8fe15a238e&o=","Bluewaters in Calgary","Three-Bedroom Apartment","Kensington, Calgary","2 nights, 2 adults","CAD 825","-"
"https://cf.bstatic.com/xdata/images/hotel/square600/555392508.webp?k=351f10d5b079adc97bfb5ec6f82c06420b6fd8a101beb215c6d2b89de31de58a&o=","*Sky Palace* with Views, Balcony, & Outdoor Pool","Two-Bedroom Apartment","Beltline, Calgary","2 nights, 2 adults","CAD 536","-"
"https://cf.bstatic.com/xdata/images/hotel/square600/571499167.webp?k=7d1cd9fe6e2e25b14e5e06ee9f7a17606abd837505a009ce1c2d7f9ef1c5c9e6&o=","Main Floor 4Bedroom 1 plus half Bath, Close to Bus, LRT Sleeps 8","Apartment","Northeast Calgary, Calgary","2 nights, 2 adults","CAD 645","4.0"
"https://cf.bstatic.com/xdata/images/hotel/square600/467305482.webp?k=2f0aa1a151c3b9029c377122b545bedb01323c0534e95a956fdf0a401186f338&o=","Beautiful 2 bedroom home away from home","Two-Bedroom Apartment","Calgary","2 nights, 2 adults","CAD 504","9.0"
"https://cf.bstatic.com/xdata/images/hotel/square600/558064633.webp?k=04053cb7b7551aeae456b7977e768d953d22701cbbf548187659760e7bbc448f&o=","Aurora suite- Queen bedroom","One-Bedroom Apartment","Calgary","2 nights, 2 adults","CAD 266","1.0"
"https://cf.bstatic.com/xdata/images/hotel/square600/528882734.webp?k=79649eb2457ddeebfe547d258f2fd2abffb64ffe95815c727f0ec91404c387bc&o=","Cozy Gems of Kensington","Three-Bedroom Apartment","Kensington, Calgary","2 nights, 2 adults","CAD 589","-"
"https://cf.bstatic.com/xdata/images/hotel/square600/550818270.webp?k=804d8d3a6270db43eababd94eb0146a939cc01fe605a8808f56d0bfd78f7ca40&o=","Open modern concept 2BR basement","Apartment - Ground Floor","Northeast Calgary, Calgary","2 nights, 2 adults","CAD 360","7.6"
"https://cf.bstatic.com/xdata/images/hotel/square600/458280253.webp?k=75604284c1ff0e641ad7cbd9408d6b55ef3f425a5e884f30b0b2fb845d1c0d3e&o=","Private Cozy Secondary Suite, 2 Bedrooms, Separate Entrance","Two-Bedroom Suite","Southwest Calgary, Calgary","2 nights, 2 adults","CAD 323","8.8"
"https://cf.bstatic.com/xdata/images/hotel/square600/582758318.webp?k=b0ce93c5bf5fddeee88a6d010ac4208281738410bb1fc7bcb5a099de009526da&o=","Specious house near Calgary airport","Three-Bedroom House","Calgary","2 nights, 2 adults","CAD 328","-"
"https://cf.bstatic.com/xdata/images/hotel/square600/509228030.webp?k=fb11b8de380fedcbec54a7669f2fe68a28c7b96dec2ac2a0325315b8464c024a&o=","Cute Highland Park(Upper-A-Unit)","Two-Bedroom Apartment","Calgary","2 nights, 2 adults","CAD 222","7.9"
"https://cf.bstatic.com/xdata/images/hotel/square600/159903788.webp?k=13f7972b08ec3adb63d326ac5979404a1fb4db0ca7923bf7e10949610ec4e40c&o=","Olympia Lodge","Queen Room with Two Queen Beds and Kitchenette","Calgary","2 nights, 2 adults","CAD 561","2.3"
"https://cf.bstatic.com/xdata/images/hotel/square600/460753016.webp?k=985dd65484b028cacd444ff0fad84fac0ff8e58d1205f0a791939d83dff876be&o=","Two Bed Downtown Unit With Parking","Two-Bedroom Apartment","Calgary","2 nights, 2 adults","CAD 396","7.9"
"https://cf.bstatic.com/xdata/images/hotel/square600/537923695.webp?k=e8cdc6c23c3c8b969acdbed859dd3b7840f849b8033463d38fcd65d1542752ca&o=","Modern, Comfort Home in NE","Two-Bedroom House","Northeast Calgary, Calgary","2 nights, 2 adults","CAD 500","-"
"https://cf.bstatic.com/xdata/images/hotel/square600/528885080.webp?k=51483bda4d941ec11fca1f21a0d06b56f401e44a30c8991a9b9ffb60836b0ccb&o=","Gorgeous 2Br Condo w Parking Patio Coffee!","Suite","Calgary","2 nights, 2 adults","CAD 263","6.3"
"https://cf.bstatic.com/xdata/images/hotel/square600/578450552.webp?k=5aa1d69a67abd7fd4fe446f1e1aeea76018a124143774bbb68c67cd416162b81&o=","Woodland Retreat","Holiday Home","Southwest Calgary, Calgary","2 nights, 2 adults","CAD 830","-"
"https://cf.bstatic.com/xdata/images/hotel/square600/578450031.webp?k=70909a6e830ab8478457ac1da61cf930cbf11c3bf2bccf15243490ee8d026e32&o=","Charming 7BR Home for up to 16 sleeps","Holiday Home","Calgary","2 nights, 2 adults","CAD 774","-"
"https://cf.bstatic.com/xdata/images/hotel/square600/582068849.webp?k=275a25dac16db11baee3ed6a3b0ea1d397c73e77289d98e2e5a142f56c39f0cc&o=","Urban Sanctuary Backyard BBQ Sleeps 8","Apartment - Split Level","Calgary","2 nights, 2 adults","CAD 708","-"
"https://cf.bstatic.com/xdata/images/hotel/square600/557068804.webp?k=279ee7f79a015fb52569638100af2abbfe2cbb7927cad6142120aae1fd57423c&o=","Townhome with Free Parking, Near Downtown","Three-Bedroom House","Calgary","2 nights, 2 adults","CAD 1,156","10"
"https://cf.bstatic.com/xdata/images/hotel/square600/448480136.webp?k=738e5bbb9d7b2138c00df0bbdd9c17332efd8f4e3f9f79d289aadf85ac985672&o=","Cheerful Room with private bathroom","Double Room with Private Bathroom","Southwest Calgary, Calgary","2 nights, 2 adults","CAD 190","-"
"https://cf.bstatic.com/xdata/images/hotel/square600/574915529.webp?k=312769813fc5f3b681371759348afaa59dccfe9923b0ddc51f21ab49adcb13bc&o=","Living in Zen Downtown apartment","One-Bedroom Apartment","Downtown Calgary, Calgary","2 nights, 2 adults","CAD 628","-"
"https://cf.bstatic.com/xdata/images/hotel/square600/530576712.webp?k=36647ae10c2622143237a7b868020343bc9dcfdfea9fb3fc72dd50924f30f3db&o=","The Oriental house near YYC","Three-Bedroom Apartment","Calgary","2 nights, 2 adults","CAD 640","-"
"https://cf.bstatic.com/xdata/images/hotel/square600/547987754.webp?k=9351a2952a44d95f47d5c835821b074fd1e57856591064c6d327b13c1dd9dff0&o=","New Listing Outdoor Patio Beautiful 2BDR Suite Parking Coffee Wifi","Suite","Calgary","2 nights, 2 adults","CAD 263","6.4"
"https://cf.bstatic.com/xdata/images/hotel/square600/577894488.webp?k=3ef2ebe89612640d773fc49cd4d8816c8846e9b9c34f2ebe829e0cbd83984b38&o=","Z Family Homestay","Deluxe Double Room (2 Adults + 1 Child)","Calgary","2 nights, 2 adults","CAD 188","-"
"https://cf.bstatic.com/xdata/images/hotel/square600/574922045.webp?k=41e12db5ffafe58787264cc2d3119c2f41032b6943aab9e97ea79ff6fa1f29c5&o=","Calgary downtown living one bedroom apartment","One-Bedroom Apartment","Downtown Calgary, Calgary","2 nights, 2 adults","CAD 628","-"
"https://cf.bstatic.com/xdata/images/hotel/square600/505882413.webp?k=07f98e219cbc800d613579e0214f2fa753378c17f4231c5f818daa17fb752245&o=","Cute Highland Park Upper B Unit","Two-Bedroom Apartment","Calgary","2 nights, 2 adults","CAD 235","6.4"
"https://cf.bstatic.com/xdata/images/hotel/square600/574932276.webp?k=90825ba34d17662d8ab6ba9bcb1391b75909e16eccb239e796657708cd317f0b&o=","Stylish one bedroom apartment DT Calgary","One-Bedroom Apartment","Downtown Calgary, Calgary","2 nights, 2 adults","CAD 628","-"
"https://cf.bstatic.com/xdata/images/hotel/square600/564591509.webp?k=4f94614966d535efdf8c7a0294ce0c3abe3d4b39b2ea0889cdcac3418fa65344&o=","Zen Den l No Service Fees l King Bed l DT Sunalta","Apartment","Southwest Calgary, Calgary","2 nights, 2 adults","CAD 416","-"
"https://cf.bstatic.com/xdata/images/hotel/square600/538311432.webp?k=8623a04e151780845e6b6947719ca39b954a1d66ec5eb486e1770a61074ac7ad&o=","Ambleton Getaway Home","Two-Bedroom Apartment","Calgary","2 nights, 2 adults","CAD 396","6.0"
"https://cf.bstatic.com/xdata/images/hotel/square600/484918448.webp?k=e8d04623b1d0189b2d1c2ea6411b416d7fca79b7d6dc4b437b47db8d285c70c5&o=","Steve Homes","Double Room with Private Bathroom","Southwest Calgary, Calgary","2 nights, 2 adults","CAD 219","8.8"
"https://cf.bstatic.com/xdata/images/hotel/square600/508078032.webp?k=2f41a9366bc86d578e8fe7c7b785c775f1eb7cf691dfae62dc96d75eb2e8e385&o=","Lu Yao Inn","Two-Bedroom Apartment","Calgary","2 nights, 2 adults","CAD 369","10"
"https://cf.bstatic.com/xdata/images/hotel/square600/582088448.webp?k=f17dffd452d9b06013d1309ca7b2842b7f23e37eb5c55acaa326e4078e5fd694&o=","Luxy Crib","One-Bedroom Apartment","Northeast Calgary, Calgary","2 nights, 2 adults","CAD 388","-"